#chrom1	start1	end1	chrom2	start2	end2	sv	bkpt	phase_set	ps_start	ps_end	called_hap	qual	sv_frags	hap1_frags	hap2_frags
chr1	72766324	72766327	chr1	72811837	72811842	83	1	2047321507	47321507	73230040	.	13	88	26	44
chr1	72766324	72766327	chr1	72811837	72811842	83	2	2047321507	47321507	73230040	.	13	88	26	44
chr4	34770000	34780000	chr4	34830000	34840000	147	1	20033799273	33799273	39997408	.	4	82	26	19
chr4	34770000	34780000	chr4	34830000	34840000	147	2	20033799273	33799273	39997408	.	4	82	26	19
chr8	39220000	39230000	chr8	39390000	39400000	869	1	39028242344	28242344	39999583	1	150	61	0	51
chr8	39220000	39230000	chr8	39390000	39400000	869	2	39028242344	28242344	39999583	1	168	61	0	57
chr5	159349700	159349717	chrX	66982771	66982788	1226	1	.	.	.	.	0	64	.	.
chr5	159349700	159349717	chrX	66982771	66982788	1226	2	85061704459	61704459	73724482	.	0	64	23	23
chr5	104432111	104432116	chr5	104503670	104503673	1774	1	27080018913	80018913	119999825	1	92	47	1	36
chr5	104432111	104432116	chr5	104503670	104503673	1774	2	27080018913	80018913	119999825	1	81	47	0	28
chr3	162512134	162512137	chr3	162626332	162626335	1966	1	190160004026	160004026	175365930	1	120	46	0	41
chr3	162512134	162512137	chr3	162626332	162626335	1966	2	190160004026	160004026	175365930	1	123	46	0	42
chr6	78967193	78967210	chr6	79036656	79036673	2064	1	31062179618	62179618	79994107	0	123	44	42	0
chr6	78967193	78967210	chr6	79036656	79036673	2064	2	31062179618	62179618	79994107	0	108	44	37	0
chr1	189704509	189704524	chr1	189783342	189783357	2082	1	50182868641	182868641	199999917	0	104	45	40	1
chr1	189704509	189704524	chr1	189783342	189783357	2082	2	50182868641	182868641	199999917	0	74	45	36	3
chr16	34392037	34392055	chr16	34757728	34757746	2192	1	68034176231	34176231	35280340	0	51	43	18	0
chr16	34392037	34392055	chr16	34757728	34757746	2192	2	68034176231	34176231	35280340	0	23	43	16	3
chr7	54280000	54290000	chr7	54370000	54380000	3587	1	36040031083	40031083	56984926	.	2	35	12	16
chr7	54280000	54290000	chr7	54370000	54380000	3587	2	36040031083	40031083	56984926	.	0	35	10	8
chr3	111274070	111274086	chr8	128533819	128533830	4148	1	170110088022	110088022	118212660	1	30	39	0	11
chr3	111274070	111274086	chr8	128533819	128533830	4148	2	420120003727	120003727	145289678	.	0	39	18	19
chr16	33360000	33370000	chr6	350000	360000	4957	1	68033320965	33320965	34023140	.	18	28	12	2
chr16	33360000	33370000	chr6	350000	360000	4957	2	300206092	206092	28585096	1	28	28	2	16
chr11	108585765	108585780	chr13	21727767	21727782	5399	1	530100593908	100593908	109707707	0	55	31	26	2
chr11	108585765	108585780	chr13	21727767	21727782	5399	2	59019020013	19020013	25213723	.	8	31	12	5
chr14	52660000	52670000	chr4	170280000	170290000	5548	1	63040015027	40015027	60720683	.	5	35	10	5
chr14	52660000	52670000	chr4	170280000	170290000	5548	2	.	.	.	.	0	35	.	.
chr15	40850000	40860000	chr7	26250000	26260000	5892	1	66040004186	40004186	47858983	.	0	27	13	12
chr15	40850000	40860000	chr7	26250000	26260000	5892	2	35050462	50462	39974592	.	0	27	0	1
chr11	38810000	38820000	chr8	52730000	52740000	12453	1	510201584	201584	39998819	.	0	23	12	10
chr11	38810000	38820000	chr8	52730000	52740000	12453	2	.	.	.	.	0	23	.	.
chr12	69540000	69550000	chr12	118730000	118740000	14405	1	56068599491	68599491	79999309	1	36	21	0	13
chr12	69540000	69550000	chr12	118730000	118740000	14405	2	570114779752	114779752	119991882	1	57	21	0	20
